bore_id,tvgwfm_nam
ow0001,idwr_other-04n_01e_10acb1
ow0002,idwr_other-04n_01e_10acb2-destroyed
ow0003,idwr_other-04n_01e_10bbc1
ow0004,idwr_other-04n_01e_04dcc1-destroyed
ow0005,idwr_other-lds_church_eagle_stake_well
ow0006,idwr_other-nac_monitoring_well_1
ow0007,idwr_other-nac_monitoriong_well_2
ow0008,idwr_other-eaglefield_legacy_deep
ow0009,idwr_other-eaglefield_legacy_intermediate
ow0010,idwr_other-eaglefield_legacy_shallow
ow0011,idwr-moyle_flowing
ow0012,idwr-tv_11th_ave_n_well
ow0013,idwr_other-03n_02w_12bab1
ow0014,idwr-tv_1505_blackcat_well
ow0015,idwr-tv_59th_st_well
ow0016,idwr-tv_amber_st_well
ow0017,idwr-tv_amity-linder_well
ow0018,idwr-tv_birmingham_rd_well
ow0019,idwr-tv_black_cat_kuna_well
ow0020,idwr_other-02n_01w_27cdd1
ow0021,idwr_other-wc_call_well
ow0022,idwr-tv_boehlke_well
ow0023,idwr-tv_boise_gun_club_well
ow0024,idwr-tv_bunch-kirkwood_well
ow0025,idwr-tv_camas_st_well
ow0026,idwr_other-03n_01e_15cba1
ow0027,idwr_other-03n_01e_15cda1
ow0028,idwr_other-03n_01e_16adda1
ow0029,idwr_other-03n_01e_22bad1
ow0030,suez-mw-edgeview
ow0031,idwr-tv_canada_well
ow0032,idwr-tv_cannon_farms_well_5
ow0033,idwr_other-02n_03w_22cab1
ow0034,idwr-tv_canyon_honda_well
ow0035,idwr_other-03n_02w_17abac1
ow0036,idwr_other-03n_02w_17abac2
ow0037,idwr_other-03n_02w_17abac3
ow0038,idwr_other-03n_02w_17abad1
ow0039,idwr_other-03n_02w_17abad2
ow0040,idwr_other-03n_02w_17abda1
ow0041,idwr_other-03n_02w_17abda10
ow0042,idwr_other-03n_02w_17abda2
ow0043,idwr_other-03n_02w_17abda3
ow0044,idwr_other-03n_02w_17abda4
ow0045,idwr_other-03n_02w_17abda5
ow0046,idwr_other-03n_02w_17abda7
ow0047,idwr_other-03n_02w_17abda9
ow0048,idwr_other-03n_02w_17abdb1
ow0049,idwr_other-03n_02w_17abdb2
ow0050,idwr-tv_catalpa_dr_well
ow0051,idwr_other-04n_02e_29aca1
ow0052,idwr_other-04n_02e_30daa1
ow0053,idwr_other-04n_02e_31aab2
ow0054,idwr_other-04n_02e_32abbc1
ow0055,idwr_other-04n_02e_32bbc1
ow0056,idwr_other-niznik_stralow_well
ow0057,suez-mw-willow_lane_2
ow0058,idwr-tv_chicken_dinner_rd_well
ow0059,idwr_other-03n_04w_11ada1-destroyed
ow0060,idwr_other-baro_troll_for_treasure_valley_network
ow0061,idwr-tv_cool_rd_well
ow0062,idwr_other-02n_03w_06bad1
ow0063,idwr-tv_coppercloud_well
ow0064,idwr-tv_country_squire_well
ow0065,idwr_other-03n_01e_02abab1
ow0066,idwr_other-03n_01e_02abb1
ow0067,idwr-tv_crosthwaite_well
ow0068,idwr_other-03n_01e_23dab1
ow0069,idwr_other-03n_01e_23ddd1
ow0070,idwr_other-03n_01e_24bdd1
ow0071,idwr_other-03n_01e_25bcb2
ow0072,idwr-tv_duff_lane_well
ow0073,idwr-tv_dunwoody_well
ow0074,idwr_other-tv_mcmillan_well
ow0075,meridian-mw-26b-z2
ow0076,meridian-mw-26b-z3
ow0077,meridian-mw-26b-z4
ow0078,idwr-tv_e_boise_ave_well
ow0079,idwr-tv_whitney_fire_well
ow0080,idwr_other-03n_03e_29ccd1
ow0081,idwr_other-03n_03e_29ccda2
ow0082,idwr_other-03n_03e_30daad2
ow0083,idwr-tv_e_kuna_rd_well
ow0084,idwr_other-02n_01e_29cad1
ow0085,idwr_other-02n_01e_29dca1
ow0086,idwr-tv_ed_van_grouw_well
ow0087,idwr-tv_elkhorn_well
ow0088,idwr-tv_elmcrest_well
ow0089,idwr-tv_fountain_rd_well
ow0090,idwr-tv_goodson_rd_well
ow0091,idwr-tv_happy_valley_well
ow0092,idwr_other-02n_02w_12aab1
ow0093,idwr-tv_harris_s_cole_well
ow0094,idwr-tv_hollow_rd_well
ow0095,idwr-tv_hollylynn_well
ow0096,idwr_other-02n_02e_07bad1
ow0097,idwr-tv_homedale_rd_well
ow0098,idwr-tv_hubbard_rd_well
ow0099,idwr-tv_hwy_95_well
ow0100,idwr_other-tv_city_of_parma_well_6
ow0101,idwr-tv_idl_house_well
ow0102,idwr_other-02n_02e_04cba1
ow0103,idwr_other-02n_02e_08aad1
ow0104,idwr_other-seb_idl_field_well
ow0105,idwr-tv_indiana_ave_well
ow0106,idwr_other-03n_03w_14cda1
ow0107,idwr-tv_itd_middleton_well
ow0108,idwr_other-04n_03w_04ddcd1
ow0109,idwr-tv_kilzer_well
ow0110,idwr-tv_lansing_rd_well
ow0111,idwr_other-05n_02w_22cad1
ow0112,idwr-tv_laster_rd_well
ow0113,idwr_other-city_of_caldwell_well
ow0114,idwr-tv_lemhi_well
ow0115,idwr_other-03n_02e_21dca1
ow0116,idwr_other-03n_02e_28bdb1
ow0117,suez-mw-hillcrest
ow0118,idwr-tv_lenzi_well
ow0119,idwr_other-03n_02e_11dda1
ow0120,idwr_other-03n_02e_14aaa1
ow0121,idwr_other-city_of_boise_quarry_view_park_well
ow0122,idwr-tv_linder_rd_well
ow0123,idwr_other-02n_01w_12baa1-destroyed
ow0124,idwr-tv_lloyd_noe_well_2
ow0125,idwr-tv_logan_st_well
ow0126,idwr_other-04n_03w_28addd1
ow0127,idwr-tv_lonestar_rd_well
ow0128,idwr-tv_looney_well
ow0129,idwr-tv_lynwood_rd_well
ow0130,idwr_other-01n_02w_04cdd1
ow0131,idwr-tv_middleton_rd_well
ow0132,idwr-tv_motive_power_41a_well
ow0133,idwr_other-03n_02e_25cacc1
ow0134,idwr_other-03n_02e_25cdba1
ow0135,idwr_other-03n_02e_25cdbb1
ow0136,idwr_other-03n_02e_26dab2
ow0137,idwr_other-seb_united_water_bergeson_well
ow0138,idwr_other-seb_united_water_centennial_well
ow0139,idwr_other-united_water_terteling_well
ow0140,suez-mw-bergeson
ow0141,suez-mw-centennial
ow0142,suez-mw-terteling
ow0143,idwr-tv_n_blackcat_well
ow0144,idwr-tv_northside_well
ow0145,idwr_other-03n_02w_04ddaa1
ow0146,idwr_other-03n_02w_04ddaa2
ow0147,idwr-tv_pelican_ln_well
ow0148,idwr-tv_pet_ln_well
ow0149,idwr-tv_powerline_rd_well
ow0150,idwr-tv_pump_rd_well
ow0151,idwr_other-gary_goulet-sky_ranch_well
ow0152,idwr-tv_quartz_rd_well
ow0153,idwr-tv_red_top_well
ow0154,idwr_other-04n_05w_07dca1
ow0155,idwr-tv_riva_ridge_well
ow0156,idwr_other-03n_01e_27cda1
ow0157,idwr_other-03n_01e_34acb2
ow0158,idwr_other-03n_01e_34bbb1
ow0159,suez-mw-five_mile_12
ow0160,idwr-tv_roosevelt_ave_well
ow0161,idwr_other-tv_lancaster_dr_well
ow0162,idwr-tv_ross_flowing_well
ow0163,idwr_other-04n_01w_07daaa1
ow0164,idwr_other-04n_01w_17bbdb1
ow0165,idwr-tv_roswell_well
ow0166,idwr-tv_sabin_rd_well
ow0167,idwr-tv_schism_school_well
ow0168,idwr_other-02n_02w_20cbb1-destroyed
ow0169,idwr-tv_shamrock_well
ow0170,idwr_other-03n_01e_03bba1
ow0171,idwr_other-03n_01e_03bbc1
ow0172,idwr_other-04n_01e_34bdc2
ow0173,idwr_other-04n_01e_34cad2
ow0174,idwr_other-united_water_corp_frontier_well
ow0175,suez-mw-frontier_2
ow0176,idwr-tv_skyline_rd_well
ow0177,idwr-tv_southside_blvd_well
ow0178,idwr_other-01s_02w_13abbc1
ow0179,idwr-tv_spurline_well
ow0180,idwr-tv_st_marks_well
ow0181,idwr_other-03n_02e_07aba1
ow0182,idwr_other-03n_02e_07abdc1
ow0183,idwr-tv_star_rd_1_well
ow0184,idwr-tv_star_rd_2_well
ow0185,idwr-tv_summerall_well
ow0186,idwr-tv_sunset_well
ow0187,idwr_other-04n_02e_28cddb1
ow0188,idwr_other-04n_02e_29ddb2
ow0189,idwr_other-04n_02e_29ddba1
ow0190,idwr_other-04n_02e_33baa1
ow0191,idwr_other-quail_hollow_cold_water_well
ow0192,idwr_other-ttci_house_office
ow0193,idwr-tv_texas_rd_well
ow0194,idwr_other-04n_04w_05ddb1
ow0195,idwr-tv_tlucek_nicholson_rd_well
ow0196,idwr-tv_wagner_rd_well
ow0197,idwr-tv_warren_spur_well
ow0198,idwr-tvhp_1-1
ow0199,idwr-tvhp_1-2
ow0200,idwr-tvhp_1-3
ow0201,idwr-tvhp_1-4
ow0202,idwr_other-04n_01e_14cab1
ow0203,idwr_other-04n_01e_14ccc1
ow0204,idwr_other-04n_01e_23aab1
ow0205,idwr_other-04n_01e_23adb1
ow0206,idwr-tvhp_3-1
ow0207,idwr-tvhp_3-2
ow0208,idwr-tvhp_3-3
ow0209,idwr-tvhp_3-4
ow0210,idwr-tvhp_3-5
ow0211,idwr-tvhp_3-6
ow0212,idwr-tvhp_3-7
ow0213,idwr-tvhp_3-8
ow0214,idwr-tvhp_4-1
ow0215,idwr-tvhp_4-2
ow0216,idwr-tvhp_4-3
ow0217,idwr-tvhp_4-4
ow0218,idwr-tvhp_4-5
ow0219,idwr_other-03n_02e_11cbab1
ow0220,idwr_other-03n_02e_11cbbb4
ow0221,idwr_other-03n_02e_11cbd1
ow0222,idwr_other-03n_02e_11ccc1
ow0223,idwr_other-03n_02e_14acb1
ow0224,idwr_other-03n_02e_14acb2
ow0225,idwr_other-03n_02e_14bac1
ow0226,idwr_other-01n_01e_03ccc1
ow0227,idwr_other-01n_01e_19adb1
ow0228,idwr_other-01n_01w_01bdb1
ow0229,idwr_other-01n_01w_02adc1
ow0230,idwr_other-01n_01w_07bcc2
ow0231,idwr_other-01n_01w_07dbb1
ow0232,idwr_other-jerry_davis_well_2
ow0233,idwr_other-john_kobe_&_clayter_forsgren_well
ow0234,idwr_other-01n_01w_18ccc1
ow0235,idwr_other-01n_02w_24aab1
ow0236,idwr_other-01n_02e_04bba1
ow0237,idwr_other-01n_02e_06ddc2
ow0238,idwr_other-01n_02e_07abb1
ow0239,idwr_other-01n_02e_08bbb1
ow0240,idwr_other-01n_02e_07aab1
ow0241,idwr_other-01n_02e_15dca1
ow0242,idwr_other-01n_02w_01abc1
ow0243,idwr_other-01n_02w_08ddd2
ow0244,idwr_other-01n_02w_09ddd2
ow0245,idwr_other-01n_02w_14dad1
ow0246,idwr_other-01n_02w_15dca1
ow0247,idwr_other-01n_02w_17dda1
ow0248,idwr_other-01n_02w_21aba1
ow0249,idwr_other-01n_02w_29bac1
ow0250,idwr_other-01n_03e_28caa1
ow0251,idwr_other-seb_rest_area_well
ow0252,idwr_other-01n_03w_12ddd1
ow0253,idwr_other-01n_03w_13aaa1
ow0254,idwr_other-01n_03w_15add1
ow0255,idwr_other-01n_04e_13cccb1
ow0256,idwr_other-neilson
ow0257,idwr_other-tippetts
ow0258,idwr_other-zimmer
ow0259,idwr_other-01n_04e_13dac1
ow0260,idwr_other-lord_5-field
ow0261,idwr_other-01n_04e_27cbd1
ow0262,idwr_other-01n_04e_32ab2
ow0263,idwr_other-icr_shallow
ow0264,idwr_other-stage_deep
ow0265,idwr_other-stage_shallow
ow0266,idwr_other-01n_05e_06cab1
ow0267,idwr_other-lord_1-alzola1
ow0268,idwr_other-lord_2-alzola2
ow0269,idwr_other-01n_05e_17bab1
ow0270,idwr_other-spf-above_mayfield_narrows
ow0271,idwr_other-spf-transfer_well
ow0272,idwr_other-01n_05e_28adc1
ow0273,idwr_other-01s_01e_06ccd1
ow0274,idwr_other-01s_01e_07cba1
ow0275,idwr_other-01s_01w_07cbb1
ow0276,idwr_other-01s_01w_18adc1
ow0277,idwr_other-01s_01w_19aab1
ow0278,idwr_other-01s_01w_29cbc1
ow0279,idwr_other-01s_01w_29cbd1
ow0280,idwr_other-01s_01w_30bab1
ow0281,idwr_other-01s_02w_03dbc1
ow0282,idwr_other-01s_02w_08dcd1
ow0283,idwr_other-01s_02w_14adad1
ow0284,idwr_other-01s_02w_24cba1
ow0285,idwr_other-01s_04e_03adb1
ow0286,idwr_other-01s_04e_23bbb1
ow0287,idwr_other-02n_01e_01bcbc1
ow0288,idwr_other-02n_01e_02bacb1
ow0289,idwr_other-03n_01e_35adc1
ow0290,idwr_other-03n_01e_35ccb1
ow0291,idwr_other-02n_01e_05cbdc1
ow0292,idwr_other-02n_01e_07cbbc1
ow0293,idwr_other-02n_01e_08acc1
ow0294,idwr_other-02n_01e_10ada1
ow0295,idwr_other-02n_01e_10ada2
ow0296,idwr_other-02n_01e_10adac1
ow0297,suez-mw-hidden_valley_1
ow0298,idwr_other-02n_01e_12cdb1
ow0299,idwr_other-02n_01e_15aba1
ow0300,idwr_other-02n_01e_16ddd2
ow0301,idwr_other-02n_01e_21cab2
ow0302,idwr_other-02n_01e_31ddc1
ow0303,idwr_other-02n_01e_33cac2
ow0304,idwr_other-02n_01e_33cca2
ow0305,idwr_other-tv_s_eagle_rd_well
ow0306,idwr_other-02n_01w_02bba1
ow0307,idwr_other-02n_01w_03abb1
ow0308,idwr_other-03n_01w_34acb1
ow0309,idwr_other-02n_01w_06ddd1
ow0310,idwr_other-02n_01w_07aab1
ow0311,idwr_other-02n_01w_08bbba1
ow0312,idwr_other-02n_01w_09ada1
ow0313,idwr_other-02n_01w_09ada2
ow0314,idwr_other-02n_01w_10abb1
ow0315,idwr_other-02n_01w_15adc1
ow0316,idwr_other-02n_01w_23acc1
ow0317,idwr_other-02n_01w_24dab1
ow0318,idwr_other-02n_01w_28aab1
ow0319,idwr_other-02n_01w_29dcc1
ow0320,idwr_other-02n_01w_35bdc1
ow0321,idwr_other-02n_01w_35bdc2
ow0322,idwr_other-02n_02e_01aac1
ow0323,idwr_other-seb_united_water_oregon_trail_well
ow0324,idwr_other-united_water_oregon_trail_height_well
ow0325,idwr_other-02n_02e_01bab1
ow0326,idwr_other-03n_02e_36cda1
ow0327,idwr_other-seb_united_water_croman_well
ow0328,idwr_other-02n_02e_02bbc1
ow0329,idwr_other-seb_united_water_jr_flat_well
ow0330,suez-mw-jr_flat
ow0331,idwr_other-02n_02e_06ccc1
ow0332,idwr_other-02n_02e_06ccc2
ow0333,idwr_other-02n_02e_12aac1
ow0334,idwr_other-02n_03e_06bcc2
ow0335,idwr_other-02n_03e_07ba2
ow0336,idwr_other-02n_03e_07bbd1
ow0337,idwr_other-seb_micron_deep_obs_well
ow0338,idwr_other-seb_micron_shallow_obs_well
ow0339,idwr_other-seb_micron_test_1_well
ow0340,idwr_other-seb_micron_test_2_well
ow0341,idwr_other-02n_02e_17aad1
ow0342,idwr_other-seb_united_water_ten_mile_well
ow0343,suez-mw-ten_mile
ow0344,idwr_other-02n_02w_02cacc1
ow0345,idwr_other-02n_02w_05aba1
ow0346,idwr_other-02n_02w_07cbc1
ow0347,idwr_other-02n_02w_09acc1
ow0348,idwr_other-02n_02w_10caa1
ow0349,idwr_other-02n_02w_10caa2
ow0350,idwr_other-02n_02w_11cba1
ow0351,idwr_other-02n_02w_11cbdd1
ow0352,idwr_other-02n_02w_11dcd1
ow0353,idwr_other-02n_02w_11ddbc1
ow0354,idwr_other-02n_02w_14bbb1
ow0355,idwr_other-02n_02w_14bbc1
ow0356,idwr_other-02n_02w_11dddb1
ow0357,idwr_other-02n_02w_12cdd1
ow0358,idwr_other-02n_02w_12adcd1
ow0359,idwr_other-02n_02w_23abd1
ow0360,idwr_other-02n_02w_28ddd1
ow0361,idwr_other-02n_02w_29bcc1
ow0362,idwr_other-02n_02w_30bba1
ow0363,idwr_other-02n_03e_02cdd1
ow0364,idwr_other-02n_03e_10bbb1
ow0365,idwr_other-02n_03e_10bcb1
ow0366,idwr_other-02n_03e_11acc1
ow0367,idwr_other-02n_03e_18bac1
ow0368,idwr_other-seb_micron_pettibone_well
ow0369,idwr_other-02n_03w_02cbd1
ow0370,idwr_other-02n_03w_02cbd2
ow0371,idwr_other-02n_03w_04dda1
ow0372,idwr_other-02n_03w_10bad1
ow0373,idwr_other-02n_03w_05aaa1
ow0374,idwr_other-03n_03w_33bbcc1
ow0375,idwr_other-03n_03w_33bbcc2
ow0376,idwr_other-02n_03w_06bba1
ow0377,idwr_other-02n_03w_07cdb1
ow0378,idwr_other-02n_03w_07cdc2
ow0379,idwr_other-02n_03w_09ada1
ow0380,idwr_other-02n_03w_09dac1
ow0381,idwr_other-02n_03w_15bbc1
ow0382,idwr_other-02n_03w_13bcb1
ow0383,idwr_other-02n_03w_13cca2
ow0384,idwr_other-02n_03w_14caa1
ow0385,idwr_other-02n_03w_16baa1
ow0386,idwr_other-02n_03w_16cca1
ow0387,idwr_other-02n_03w_17dcc1
ow0388,idwr_other-esther_helfrich_well
ow0389,idwr_other-02n_03w_21bcd1
ow0390,idwr_other-02n_03w_24bdd1
ow0391,idwr_other-02n_03w_31aaa1
ow0392,idwr_other-02n_03w_35caa2
ow0393,idwr_other-02n_03w_36dad1
ow0394,idwr_other-elmer_tiegs_well
ow0395,idwr_other-02n_04w_01adb1
ow0396,idwr_other-02n_04w_01dca1
ow0397,idwr_other-02n_04w_02aaa1
ow0398,idwr_other-02n_04w_02bdc1
ow0399,idwr_other-02n_04w_11aaa1
ow0400,idwr_other-02n_04w_13acd1
ow0401,idwr_other-02n_04w_13dca1
ow0402,idwr_other-02n_04w_24aab1
ow0403,idwr_other-02n_04w_24bab1
ow0404,idwr_other-02n_04w_24ccd1
ow0405,idwr_other-02n_04w_25bac1
ow0406,idwr_other-02n_04w_25cad1
ow0407,idwr_other-03n_01e_01bcd1
ow0408,suez-mw-bali_hai
ow0409,idwr_other-03n_01e_02ccb1
ow0410,idwr_other-03n_01e_02dc1
ow0411,idwr_other-03n_01e_11bdb1
ow0412,idwr_other-03n_01e_03cdb1
ow0413,idwr_other-03n_01e_09ada1
ow0414,idwr_other-03n_01e_10baa2
ow0415,idwr_other-03n_01e_04bad1
ow0416,idwr_other-03n_01e_05aab2
ow0417,meridian-mw-18-z1
ow0418,meridian-mw-18-z2
ow0419,idwr_other-03n_01e_06bbab1
ow0420,idwr_other-04n_01e_31dccd1
ow0421,idwr_other-03n_01e_06ddd1
ow0422,meridian-mw-16b-z1
ow0423,meridian-mw-16b-z2
ow0424,meridian-mw-16b-z3
ow0425,meridian-mw-16b-z4
ow0426,meridian-mw-16b-z5
ow0427,meridian-mw-16b-z6
ow0428,meridian-mw-16b-z7
ow0429,meridian-mw-16b-z8
ow0430,meridian-mw-16b-z9
ow0431,idwr_other-03n_01e_08dcdc1
ow0432,idwr_other-03n_01e_17abcc1
ow0433,idwr_other-03n_01e_17bbb1
ow0434,idwr_other-03n_01e_10bda1
ow0435,idwr_other-03n_01e_11caa1
ow0436,idwr_other-03n_01e_14bbc1
ow0437,idwr_other-03n_01e_14bbd1
ow0438,idwr_other-03n_01e_15aad1
ow0439,idwr_other-03n_01e_11ddda1
ow0440,idwr_other-03n_01e_12bc1
ow0441,idwr_other-03n_01e_12bcd1
ow0442,idwr_other-03n_01e_12caba1
ow0443,idwr_other-03n_01e_12cabd2
ow0444,idwr_other-03n_01e_12caca1
ow0445,idwr_other-03n_01e_12caca2
ow0446,idwr_other-03n_01e_12caca3
ow0447,idwr_other-03n_01e_12caca5
ow0448,idwr_other-03n_01e_12cacb1
ow0449,idwr_other-03n_01e_12cacc1
ow0450,idwr_other-03n_01e_12cacd2
ow0451,idwr_other-03n_01e_12cacd3
ow0452,idwr_other-03n_01e_12cacd4
ow0453,idwr_other-03n_01e_12cacd5
ow0454,idwr_other-03n_01e_12cadc2
ow0455,idwr_other-03n_01e_12cadc8
ow0456,idwr_other-03n_01e_12dab1
ow0457,idwr_other-03n_01e_12dac1
ow0458,idwr_other-03n_01e_12daca1
ow0459,idwr_other-03n_01e_12dbbc1
ow0460,idwr_other-03n_01e_12dbbd1
ow0461,idwr_other-03n_01e_12dbdb1
ow0462,idwr_other-03n_01e_12dbdc1
ow0463,idwr_other-03n_01e_12dcbb2
ow0464,idwr_other-03n_01e_12ddca1
ow0465,idwr_other-03n_01e_13abaa1
ow0466,idwr_other-03n_01e_14aac1-destroyed
ow0467,idwr_other-03n_01e_14aac2
ow0468,idwr_other-united_water_corporation_well
ow0469,suez-mw-maple_hill
ow0470,suez-mw-maple_hill_2
ow0471,idwr_other-03n_01e_12ada1
ow0472,idwr_other-03n_01e_12ddac1
ow0473,idwr_other-03n_02e_07acdd1
ow0474,idwr_other-03n_02e_07adcb2
ow0475,idwr_other-03n_02e_07bcbd1
ow0476,idwr_other-03n_02e_07dacc1
ow0477,idwr_other-03n_02e_07dacc2
ow0478,idwr_other-03n_02e_07dacc3
ow0479,idwr_other-03n_02e_07dacc4
ow0480,idwr_other-03n_02e_07dacc5
ow0481,idwr_other-03n_02e_07dacd1
ow0482,idwr_other-03n_02e_07dacd2
ow0483,idwr_other-03n_02e_07ddba10
ow0484,idwr_other-03n_02e_07ddba12
ow0485,idwr_other-03n_02e_07ddba5
ow0486,idwr_other-03n_02e_07ddba7
ow0487,idwr_other-03n_02e_07ddbb1
ow0488,idwr_other-03n_02e_07ddbb2
ow0489,idwr_other-03n_02e_07ddbb3
ow0490,idwr_other-03n_02e_07ddbb4
ow0491,idwr_other-03n_02e_07ddbc1
ow0492,idwr_other-03n_02e_18bbbb1
ow0493,idwr_other-03n_02e_18bbbb2
ow0494,idwr_other-03n_02e_18bbbb3
ow0495,idwr_other-03n_02e_18bbbb4
ow0496,idwr_other-03n_02e_18bbbb5
ow0497,idwr_other-03n_02e_18bbbb6
ow0498,idwr_other-03n_02e_18bbbb7
ow0499,suez-mw-bethel
ow0500,idwr_other-03n_01e_13bcc1
ow0501,idwr_other-03n_01e_13bdb1-destroyed
ow0502,idwr_other-03n_01e_13ccd1
ow0503,idwr_other-03n_01e_14cac1
ow0504,idwr_other-03n_01e_15add1
ow0505,idwr_other-03n_01e_22aad1
ow0506,suez-mw-brook_hollow
ow0507,suez-mw-country_square
ow0508,suez-mw-countryman
ow0509,idwr_other-03n_01e_16bca1
ow0510,idwr_other-03n_01e_16dcbd1
ow0511,idwr_other-03n_01e_17aca1-destroyed
ow0512,idwr_other-03n_01e_19baa2
ow0513,idwr_other-03n_01e_21dca1
ow0514,idwr_other-03n_01e_22ccc1
ow0515,idwr_other-03n_01e_22cddb1
ow0516,idwr_other-03n_01e_27abbd1
ow0517,suez-mw-victory
ow0518,idwr_other-03n_01e_23cbc1
ow0519,idwr_other-03n_01e_26aca1
ow0520,idwr_other-03n_01e_26bad1
ow0521,idwr_other-03n_01e_24ada1
ow0522,idwr_other-03n_02e_18bdc1
ow0523,idwr_other-03n_02e_19baa2
ow0524,suez-mw-overland_6
ow0525,idwr_other-03n_01e_25aaa1-destroyed
ow0526,idwr_other-03n_02e_19cbd1
ow0527,idwr_other-03n_02e_19ccb1
ow0528,idwr_other-03n_02e_19dbd1
ow0529,idwr_other-03n_02e_19dcb1
ow0530,idwr_other-03n_02e_19dcc1
ow0531,idwr_other-03n_02e_19dcd1
ow0532,idwr_other-03n_02e_30bbc1
ow0533,suez-mw-cole
ow0534,idwr_other-03n_01e_25cbc1
ow0535,idwr_other-03n_01e_25cbd1
ow0536,idwr_other-03n_01e_25cbd2
ow0537,suez-mw-amity
ow0538,suez-mw-amity_2
ow0539,idwr_other-03n_01e_26cac1
ow0540,idwr_other-03n_01e_26ccd1
ow0541,idwr_other-03n_01e_26dab1
ow0542,idwr_other-03n_01e_34aad1
ow0543,idwr_other-03n_01e_29cba1
ow0544,idwr_other-03n_01e_30ddd1
ow0545,idwr_other-03n_01e_34caa1
ow0546,idwr_other-03n_01e_34cccd1
ow0547,suez-mw-la_grange
ow0548,idwr_other-03n_01e_36cbc1
ow0549,idwr_other-03n_01e_36ddb1
ow0550,suez-mw-sunset_west
ow0551,idwr_other-03n_01w_03aaaa1
ow0552,idwr_other-03n_01w_06dddc1
ow0553,idwr_other-03n_01w_08bdac1
ow0554,idwr_other-03n_01w_09aacb1
ow0555,idwr_other-03n_01w_11aada1
ow0556,idwr_other-03n_01w_11bdcc1
ow0557,meridian-mw-27-z1
ow0558,meridian-mw-27-z2
ow0559,meridian-mw-27-z3
ow0560,meridian-mw-27-z4
ow0561,idwr_other-03n_01w_12cbbb1
ow0562,idwr_other-03n_01w_12ddbd3
ow0563,idwr_other-03n_01w_16cbcc1
ow0564,idwr_other-03n_01w_21dbca1
ow0565,idwr_other-03n_01w_24bbda1
ow0566,idwr_other-03n_01w_25aacc1
ow0567,idwr_other-03n_01w_25dad1
ow0568,idwr_other-03n_01w_27cdcb1
ow0569,idwr_other-03n_01w_30add1
ow0570,idwr_other-03n_01w_36dba1
ow0571,idwr_other-03n_02e_03baad2
ow0572,idwr_other-03n_02e_03bad1
ow0573,idwr_other-03n_02e_03bdb1
ow0574,idwr_other-04n_02e_34bcc1
ow0575,idwr_other-04n_02e_34bcdd1
ow0576,idwr_other-04n_02e_34caac1
ow0577,idwr_other-04n_02e_34cbaa4
ow0578,idwr_other-04n_02e_34cbaa5
ow0579,idwr_other-04n_02e_34cccd1
ow0580,idwr_other-03n_02e_03cacc1
ow0581,idwr_other-03n_02e_03cacc2
ow0582,idwr_other-03n_02e_03cacc3
ow0583,idwr_other-03n_02e_03cbdd1
ow0584,idwr_other-03n_02e_03cbdd2
ow0585,idwr_other-03n_02e_03ccab2
ow0586,idwr_other-03n_02e_10bacc1
ow0587,idwr_other-03n_02e_10bacc2
ow0588,idwr_other-03n_02e_10bacc3
ow0589,idwr_other-03n_02e_10bdaa1
ow0590,idwr_other-03n_02e_10bdaa2
ow0591,idwr_other-tv_jefferson_st_well
ow0592,idwr_other-03n_02e_03dda2
ow0593,idwr_other-03n_02e_11babc1
ow0594,idwr_other-03n_02e_11babd2
ow0595,idwr_other-03n_02e_11babd3
ow0596,idwr_other-03n_02e_11babd5
ow0597,idwr_other-03n_02e_11baca1
ow0598,idwr_other-03n_02e_11baca2
ow0599,idwr_other-03n_02e_11bacd1
ow0600,idwr_other-03n_02e_11bdaa1
ow0601,idwr_other-ferd_koch_well
ow0602,idwr_other-03n_02e_04aac1
ow0603,idwr_other-04n_02e_32dda1
ow0604,idwr_other-04n_02e_33cadc1
ow0605,idwr_other-03n_02e_04cab1
ow0606,idwr_other-03n_02e_04dcad1
ow0607,idwr_other-03n_02e_04dcad2
ow0608,idwr_other-03n_02e_04dcad3
ow0609,idwr_other-03n_02e_04dcad4
ow0610,suez-mw-27th_st
ow0611,suez-mw-idaho
ow0612,idwr_other-03n_02e_05abb1
ow0613,idwr_other-03n_02e_05bda1
ow0614,idwr_other-03n_02e_06aac1
ow0615,idwr_other-03n_02e_06aad1
ow0616,idwr_other-04n_02e_32acbc1
ow0617,idwr_other-04n_02e_32acbd1
ow0618,idwr_other-04n_02e_32accb1
ow0619,idwr_other-04n_02e_32accb2
ow0620,idwr_other-04n_02e_32accb3
ow0621,idwr_other-04n_02e_32dba1
ow0622,suez-mw-veterans_collector
ow0623,idwr_other-03n_02e_05dab1
ow0624,idwr_other-03n_02e_06ddc1
ow0625,idwr_other-03n_02e_06ddd1
ow0626,idwr_other-03n_02e_06ddd2
ow0627,suez-mw-fisk
ow0628,idwr_other-03n_02e_07addc1
ow0629,idwr_other-03n_02e_07daaa1
ow0630,idwr_other-03n_02e_07daac1
ow0631,idwr_other-03n_02e_07daca1
ow0632,idwr_other-03n_02e_07dacd3
ow0633,idwr_other-03n_02e_07ddaa1
ow0634,idwr_other-03n_02e_07ddab1
ow0635,idwr_other-03n_02e_07ddab2
ow0636,idwr_other-03n_02e_07ddab3
ow0637,idwr_other-03n_02e_07ddab4
ow0638,idwr_other-03n_02e_07ddac1
ow0639,idwr_other-03n_02e_07ddba11
ow0640,idwr_other-03n_02e_07ddba2
ow0641,idwr_other-03n_02e_07ddba3
ow0642,idwr_other-03n_02e_07ddba4
ow0643,idwr_other-03n_02e_07ddba6
ow0644,idwr_other-03n_02e_07ddba8
ow0645,idwr_other-03n_02e_07ddba9
ow0646,idwr_other-03n_02e_08cac1
ow0647,idwr_other-03n_02e_08cbba1
ow0648,idwr_other-03n_02e_08cbbb3
ow0649,idwr_other-03n_02e_08cbbc1
ow0650,idwr_other-03n_02e_08cbbc4
ow0651,idwr_other-03n_02e_08cbbc6
ow0652,idwr_other-03n_02e_08cbbd1
ow0653,idwr_other-03n_02e_08cbbd2
ow0654,idwr_other-03n_02e_08cbbd3
ow0655,idwr_other-03n_02e_08cbbd4
ow0656,idwr_other-03n_02e_08cbca1
ow0657,idwr_other-03n_02e_08cbca2
ow0658,idwr_other-03n_02e_08cbca3
ow0659,idwr_other-03n_02e_08cbca4
ow0660,idwr_other-03n_02e_08cbcb2
ow0661,idwr_other-03n_02e_08cbcb3
ow0662,idwr_other-03n_02e_08cbcb4
ow0663,idwr_other-03n_02e_08cbcb5
ow0664,idwr_other-03n_02e_08cbcc1
ow0665,idwr_other-03n_02e_08ccab5
ow0666,idwr_other-03n_02e_08ccab9
ow0667,idwr_other-03n_02e_08ccad1
ow0668,idwr_other-03n_02e_08ccad4
ow0669,suez-mw-clinton
ow0670,idwr_other-03n_02e_08adc1
ow0671,idwr_other-03n_02e_09ccaa1
ow0672,idwr_other-03n_02e_09ccaa2
ow0673,idwr_other-03n_02e_09cdb1
ow0674,idwr_other-03n_02e_16bbd1
ow0675,suez-mw-roosevelt_3
ow0676,idwr_other-03n_02e_10bcc1
ow0677,idwr_other-03n_02e_10bcc2
ow0678,idwr_other-03n_02e_10bcdd2
ow0679,idwr_other-03n_02e_10bcdd3
ow0680,idwr_other-03n_02e_10bdd1
ow0681,idwr_other-03n_02e_10cbaa1
ow0682,idwr_other-03n_02e_10cbab1
ow0683,idwr_other-03n_02e_10cddd1
ow0684,idwr_other-03n_02e_10dacb1
ow0685,idwr_other-03n_02e_10dacb2
ow0686,idwr_other-03n_02e_10dacb3
ow0687,idwr_other-03n_02e_10dacb4
ow0688,idwr_other-03n_02e_10dacb5
ow0689,idwr_other-03n_02e_10dacb6
ow0690,idwr_other-03n_02e_10dacb7
ow0691,idwr_other-03n_02e_10dacb8
ow0692,idwr_other-03n_02e_10dacb9
ow0693,idwr_other-03n_02e_13bda1
ow0694,idwr_other-03n_02e_13bda2
ow0695,idwr_other-03n_02e_13cab1
ow0696,idwr_other-03n_02e_13cda1
ow0697,idwr_other-03n_02e_13dccc1
ow0698,idwr_other-03n_02e_23ada1
ow0699,idwr_other-03n_02e_24abab1
ow0700,idwr_other-03n_02e_24abba2
ow0701,idwr_other-03n_02e_24abbb1
ow0702,idwr_other-03n_02e_24bbc1
ow0703,idwr_other-state_of_idaho_old_penitentiary_well_2
ow0704,idwr_other-03n_02e_14bdb2
ow0705,idwr_other-03n_02e_14cbd1
ow0706,idwr_other-03n_02e_14dcc1
ow0707,idwr_other-03n_02e_15dddd1
ow0708,idwr_other-03n_02e_22aad1
ow0709,idwr_other-03n_02e_23baa1
ow0710,idwr_other-03n_02e_23bad1
ow0711,suez-mw-beacon
ow0712,idwr_other-03n_02e_15bdb1
ow0713,idwr_other-03n_02e_15bdb2
ow0714,idwr_other-03n_02e_15cda1
ow0715,idwr_other-03n_02e_15dba1
ow0716,idwr_other-03n_02e_15dcc1
ow0717,idwr_other-03n_02e_22adb1
ow0718,idwr_other-03n_02e_22bcb1
ow0719,suez-mw-cassia_1
ow0720,suez-mw-cassia_2
ow0721,suez-mw-chamberlain_1
ow0722,suez-mw-taggart_1
ow0723,suez-mw-taggart_2
ow0724,idwr_other-03n_02e_16cdc1
ow0725,idwr_other-03n_02e_16dbb1
ow0726,idwr_other-03n_02e_17caa1
ow0727,idwr_other-03n_02e_17cad2
ow0728,idwr_other-03n_02e_18daa1
ow0729,suez-mw-hilton
ow0730,idwr_other-03n_02e_19ddd1
ow0731,idwr_other-03n_02e_20bdb1
ow0732,idwr_other-03n_02e_20bdc1
ow0733,idwr_other-03n_02e_20ccb1
ow0734,idwr_other-03n_02e_20dbd1
ow0735,idwr_other-03n_02e_20dcd1-destroyed
ow0736,idwr_other-03n_02e_23acbd1
ow0737,idwr_other-03n_02e_23acc1
ow0738,idwr_other-03n_02e_23cdab1
ow0739,suez-mw-broadway
ow0740,idwr_other-03n_02e_23ddbc2
ow0741,idwr_other-03n_02e_24cdb1
ow0742,idwr_other-03n_02e_24cdd1
ow0743,idwr_other-03n_02e_25bbb3
ow0744,idwr_other-03n_02e_26aaa1
ow0745,idwr_other-seb_helen_lowder_park
ow0746,idwr_other-seb_helen_lowder_park_well
ow0747,suez-mw-logger
ow0748,suez-mw-river_run
ow0749,idwr_other-03n_02e_25aac1
ow0750,idwr_other-seb_hurok
ow0751,idwr_other-tv_barber_well
ow0752,idwr_other-03n_02e_25daa1
ow0753,idwr_other-03n_03e_31abd1
ow0754,idwr_other-03n_02e_27abd1
ow0755,suez-mw-vista
ow0756,idwr_other-03n_02e_27dbd1
ow0757,idwr_other-united_water_market_well
ow0758,suez-mw-market
ow0759,idwr_other-03n_02e_28acbc1
ow0760,idwr_other-03n_02e_33abca1
ow0761,idwr_other-03n_02e_33bac1
ow0762,idwr_other-03n_02e_29cab1
ow0763,idwr_other-03n_02e_30ddb1
ow0764,idwr_other-03n_02e_31aaa1
ow0765,idwr_other-03n_02e_31aac1
ow0766,idwr_other-03n_02e_31aad1
ow0767,idwr_other-03n_02e_32badd1
ow0768,idwr_other-03n_02e_32bbb1
ow0769,suez-mw-mac
ow0770,idwr_other-03n_02e_30cac1
ow0771,idwr_other-03n_02e_33aabd1
ow0772,idwr_other-03n_02e_33aada1
ow0773,idwr_other-03n_02e_33adbb1
ow0774,idwr_other-03n_02e_33acbc1
ow0775,idwr_other-03n_02e_33accb1
ow0776,idwr_other-03n_02e_33accb2
ow0777,idwr_other-03n_02e_33bdad1
ow0778,idwr_other-03n_02e_33bdad2
ow0779,idwr_other-03n_02e_33bdda1
ow0780,idwr_other-03n_02e_33bdda2
ow0781,idwr_other-03n_02e_33bdda3
ow0782,idwr_other-03n_02e_33dbba1
ow0783,idwr_other-03n_02e_33adcb1
ow0784,idwr_other-03n_02w_03daa1
ow0785,idwr_other-03n_02w_04cdad1
ow0786,idwr_other-03n_02w_04cdcc1
ow0787,idwr_other-03n_02w_09aabb1
ow0788,idwr_other-03n_02w_09abab1
ow0789,idwr_other-03n_02w_09abbb1
ow0790,idwr_other-03n_02w_09abcc1
ow0791,idwr_other-03n_02w_07cbc1
ow0792,idwr_other-03n_02w_09acda1
ow0793,idwr_other-03n_02w_09bccc1
ow0794,idwr_other-03n_02w_09dbac1
ow0795,idwr_other-03n_02w_09dbcc1
ow0796,idwr_other-03n_02w_09dcab1
ow0797,idwr_other-03n_02w_09dccc1
ow0798,idwr_other-03n_02w_16abcc1
ow0799,idwr_other-03n_02w_16abcd1
ow0800,idwr_other-03n_02w_09adab1
ow0801,idwr_other-03n_02w_09addb1
ow0802,idwr_other-03n_02w_09daad1
ow0803,idwr_other-03n_02w_09dddd1
ow0804,idwr_other-03n_02w_10acc1
ow0805,idwr_other-03n_02w_10ccbd1
ow0806,idwr_other-03n_02w_15badd1
ow0807,idwr_other-03n_02w_15bbaa1
ow0808,idwr_other-03n_02w_15bbab1
ow0809,idwr_other-03n_02w_15bbcd1
ow0810,idwr_other-03n_02w_15bbdb1
ow0811,idwr_other-03n_02w_16aaba1
ow0812,idwr_other-03n_02w_16aadc1
ow0813,idwr_other-03n_02w_14bacc1
ow0814,idwr_other-03n_02w_14bacc2
ow0815,idwr_other-03n_02w_14bacc3
ow0816,idwr_other-03n_02w_14bacd1
ow0817,idwr_other-03n_02w_14badc1
ow0818,idwr_other-03n_02w_14bbdb1
ow0819,idwr_other-03n_02w_14bbdb2
ow0820,idwr_other-03n_02w_14bdba1
ow0821,idwr_other-03n_02w_14bdbb2
ow0822,idwr_other-03n_02w_14bdbb3
ow0823,idwr_other-03n_02w_14bdbb4
ow0824,idwr_other-03n_02w_14bdbc1
ow0825,idwr_other-03n_02w_14bdbc2
ow0826,idwr_other-03n_02w_14dba1
ow0827,idwr_other-03n_02w_15ddd1
ow0828,idwr_other-03n_02w_23abab1
ow0829,idwr_other-03n_02w_23abac1
ow0830,idwr_other-03n_02w_23abac2
ow0831,idwr_other-03n_02w_23abac3
ow0832,idwr_other-03n_02w_15bcca1
ow0833,idwr_other-03n_02w_15dcda1
ow0834,idwr_other-03n_02w_17abdd1
ow0835,idwr_other-03n_02w_17acdb1
ow0836,idwr_other-03n_02w_17ccb2
ow0837,idwr_other-03n_02w_22dacc2
ow0838,idwr_other-03n_02w_22dacc3
ow0839,idwr_other-03n_02w_22dacc5
ow0840,idwr_other-03n_02w_22dacc6
ow0841,idwr_other-03n_02w_22dacc7
ow0842,idwr_other-03n_02w_22dacc8
ow0843,idwr_other-03n_02w_22ddd5
ow0844,idwr_other-03n_02w_22dddd1
ow0845,idwr_other-03n_02w_22dddd10
ow0846,idwr_other-03n_02w_22dddd12
ow0847,idwr_other-03n_02w_22dddd13
ow0848,idwr_other-03n_02w_22dddd14
ow0849,idwr_other-03n_02w_22dddd15
ow0850,idwr_other-03n_02w_22dddd16
ow0851,idwr_other-03n_02w_22dddd17
ow0852,idwr_other-03n_02w_22dddd18
ow0853,idwr_other-03n_02w_22dddd2
ow0854,idwr_other-03n_02w_22dddd3
ow0855,idwr_other-03n_02w_22dddd4
ow0856,idwr_other-03n_02w_22dddd6
ow0857,idwr_other-03n_02w_22dddd7
ow0858,idwr_other-03n_02w_22dddd8
ow0859,idwr_other-03n_02w_22dddd9
ow0860,idwr_other-03n_02w_26baa1
ow0861,idwr_other-03n_02w_24bad1
ow0862,idwr_other-03n_02w_24bad2
ow0863,idwr_other-03n_02w_27cbcc5
ow0864,idwr_other-03n_02w_27ccbb1
ow0865,idwr_other-03n_02w_27ccbb3
ow0866,idwr_other-03n_02w_27ccbb4
ow0867,idwr_other-03n_02w_28dadd1
ow0868,idwr_other-03n_02w_28dadd2
ow0869,idwr_other-03n_02w_28dadd3
ow0870,idwr_other-03n_02w_28dadd4
ow0871,idwr_other-03n_02w_28ddaa1
ow0872,idwr_other-03n_02w_28ddaa2
ow0873,idwr_other-03n_02w_28ddaa3
ow0874,idwr_other-03n_02w_28ddaa4
ow0875,idwr_other-03n_02w_34bbcb1
ow0876,idwr_other-03n_02w_29bbbb1
ow0877,idwr_other-03n_02w_31bcc1
ow0878,idwr_other-03n_02w_35dbac1
ow0879,idwr_other-03n_02w_36cdc1
ow0880,idwr_other-03n_03e_07cbac1
ow0881,idwr_other-03n_03e_07cdab1
ow0882,idwr_other-03n_03e_07cdab2
ow0883,idwr_other-03n_03e_28cbcc2
ow0884,idwr_other-03n_03e_28cbcd3
ow0885,idwr_other-03n_03e_28cdcc1
ow0886,idwr_other-03n_03e_29add2
ow0887,idwr_other-03n_03e_33abba1
ow0888,suez-mw-durham
ow0889,idwr_other-03n_03e_34cbbb1
ow0890,idwr_other-seb_hammer_flats_well
ow0891,idwr_other-03n_03w_03bcb2
ow0892,idwr_other-03n_03w_09bab1
ow0893,idwr_other-03n_03w_09cbc1
ow0894,idwr_other-03n_03w_10cba3
ow0895,idwr_other-03n_03w_15bbb1
ow0896,idwr_other-03n_03w_11dac1
ow0897,idwr_other-03n_03w_17caab1
ow0898,idwr_other-03n_03w_27abb1
ow0899,idwr_other-03n_03w_31ada1
ow0900,idwr_other-03n_04w_03aad1
ow0901,idwr_other-03n_04w_04bda1
ow0902,idwr_other-03n_04w_05aab1
ow0903,idwr_other-03n_04w_07aba1
ow0904,idwr_other-03n_04w_12aad2
ow0905,idwr_other-03n_04w_13bbc1
ow0906,idwr_other-03n_04w_15dcc1
ow0907,idwr_other-03n_04w_25cbb1
ow0908,idwr_other-03n_05w_03ada1
ow0909,idwr_other-04n_01e_12bcab1
ow0910,idwr_other-04n_01e_12bdac1
ow0911,idwr_other-04n_01e_05bcca1
ow0912,idwr_other-04n_01e_06ddd1
ow0913,idwr_other-washum
ow0914,suez-mw-floating_feather
ow0915,idwr_other-04n_01e_06bbb1
ow0916,idwr_other-05n_01e_31aca1-destroyed
ow0917,idwr_other-05n_01e_31aca2
ow0918,idwr_other-05n_01e_36ada1
ow0919,idwr_other-adkins
ow0920,idwr_other-minkiewikz
ow0921,idwr_other-04n_01e_06ccdb1
ow0922,idwr_other-chase
ow0923,idwr_other-04n_01e_08dcb1
ow0924,idwr_other-04n_01e_09ccab1
ow0925,idwr_other-04n_01e_09ccba1
ow0926,idwr_other-04n_01e_10ddc1
ow0927,idwr_other-04n_01e_15bac1
ow0928,idwr_other-04n_01e_15badc1
ow0929,idwr_other-04n_01e_16aaa1
ow0930,idwr_other-floating_feather
ow0931,idwr_other-04n_01e_11bab1
ow0932,idwr_other-04n_01e_11bab2
ow0933,idwr_other-04n_01e_11bac1
ow0934,idwr_other-04n_01e_11bad1
ow0935,idwr_other-04n_01e_11bad2
ow0936,idwr_other-bike_park
ow0937,idwr_other-old_95
ow0938,idwr_other-robt_c_day_well
ow0939,idwr_other-04n_01e_12aadd1
ow0940,idwr_other-04n_01e_12bccd1
ow0941,idwr_other-04n_01e_12caaa2
ow0942,idwr_other-04n_01e_12cadc1
ow0943,idwr_other-04n_01e_12ccdd1
ow0944,idwr_other-04n_01e_12cdac1
ow0945,idwr_other-04n_01e_12cddb1
ow0946,idwr_other-04n_01e_12daab1
ow0947,idwr_other-04n_01e_12dbcb1
ow0948,idwr_other-04n_01e_12dbdb1
ow0949,idwr_other-04n_01e_12dcda1
ow0950,idwr_other-04n_01e_13baaa1-destroyed
ow0951,idwr_other-04n_01e_13baaa2
ow0952,idwr_other-04n_01e_13badb1
ow0953,idwr_other-04n_01e_13bdba1
ow0954,idwr_other-04n_01e_13bdba2
ow0955,idwr_other-04n_01e_13bdbb1
ow0956,idwr_other-04n_01e_13bdbd1
ow0957,idwr_other-04n_01e_13bdbd2
ow0958,idwr_other-04n_01e_13bdbb2
ow0959,idwr_other-04n_01e_13bdbc1
ow0960,idwr_other-04n_01e_13bddb1
ow0961,idwr_other-04n_01e_13dab1
ow0962,idwr_other-04n_01e_14dad1
ow0963,idwr_other-04n_01e_14dad2
ow0964,idwr_other-04n_01e_24bab1
ow0965,idwr_other-04n_01e_14aba1
ow0966,idwr_other-veterans_cemetery_well
ow0967,idwr_other-04n_01e_17cddd1
ow0968,idwr_other-04n_01e_21dccc1
ow0969,idwr_other-04n_01e_21dddc1
ow0970,idwr_other-04n_01e_22dcb1
ow0971,idwr_other-04n_01e_27aac1
ow0972,idwr_other-04n_01e_27bdb1
ow0973,idwr_other-04n_01e_23dac1
ow0974,idwr_other-04n_01e_27aada1
ow0975,idwr_other-04n_01e_24aca1
ow0976,idwr_other-04n_01e_24bca1
ow0977,idwr_other-04n_01e_24cada1
ow0978,idwr_other-04n_01e_25abcc1
ow0979,idwr_other-04n_01e_25abcd1
ow0980,idwr_other-04n_01e_25cad1
ow0981,idwr_other-04n_01e_36aab1
ow0982,idwr_other-04n_01e_36bac2
ow0983,idwr_other-04n_01e_36bbbd2
ow0984,idwr_other-united_water_corp_goddard_well
ow0985,suez-mw-goddard_2
ow0986,idwr_other-04n_01e_26cdd1
ow0987,idwr_other-04n_01e_34aad1
ow0988,suez-mw-settlers
ow0989,idwr_other-04n_01e_27ddc1
ow0990,idwr_other-04n_01e_33aadc1
ow0991,idwr_other-04n_01e_34acb1
ow0992,suez-mw-hp
ow0993,idwr_other-04n_01e_29babd2
ow0994,meridian-mw-26a-z1
ow0995,idwr_other-04n_01e_35daa1-destroyed
ow0996,idwr_other-04n_01e_36adb1
ow0997,idwr_other-04n_01w_01caa1
ow0998,idwr_other-leigh_park_shallow
ow0999,idwr_other-park_lane_monitoring_well
ow1000,idwr_other-04n_01w_02aab1
ow1001,idwr_other-05n_01w_35ccc1
ow1002,idwr_other-04n_01w_03cdda1
ow1003,idwr_other-04n_01w_04dda1
ow1004,idwr_other-04n_01w_05dbd1
ow1005,idwr_other-04n_01w_07aaad1
ow1006,idwr_other-04n_01w_07aba1
ow1007,idwr_other-04n_01w_12ddb1
ow1008,idwr_other-04n_01w_13aacc1
ow1009,idwr_other-state_and_linder_tw1-1
ow1010,idwr_other-state_and_linder_tw1-2
ow1011,idwr_other-state_and_linder_tw2-1
ow1012,idwr_other-state_and_linder_tw2-2
ow1013,idwr_other-04n_01w_13cbd1
ow1014,idwr_other-04n_01w_13ddb1
ow1015,idwr_other-04n_01w_24acab1
ow1016,idwr_other-04n_01w_24acab3
ow1017,idwr_other-04n_01w_16caaa1
ow1018,idwr_other-04n_01w_17dda1
ow1019,idwr_other-04n_01w_17cbdb1
ow1020,idwr_other-04n_01w_19dada1
ow1021,idwr_other-04n_01w_30adaa1
ow1022,idwr_other-04n_01w_30adaa2
ow1023,idwr_other-04n_01w_22dbb1
ow1024,idwr_other-04n_01w_23accc2
ow1025,suez-mw-spurwing
ow1026,idwr_other-04n_01w_23add1
ow1027,idwr_other-04n_01w_24bcac1
ow1028,suez-mw-fox_tail_2
ow1029,idwr_other-04n_01w_30abbc1
ow1030,idwr_other-04n_01w_33adad1
ow1031,idwr_other-04n_01w_33cbb1
ow1032,idwr_other-04n_02e_04bdc2
ow1033,idwr_other-rush
ow1034,idwr_other-04n_02e_07cbbb1
ow1035,idwr_other-04n_02e_18ccd1
ow1036,idwr_other-04n_02e_19abb1
ow1037,idwr_other-04n_02e_19cccd1
ow1038,idwr_other-04n_02e_19cdd1
ow1039,idwr_other-far_west_nursery_charlie_hartman_well
ow1040,idwr_other-04n_02e_20cdc1
ow1041,idwr_other-04n_02e_29acba1
ow1042,idwr_other-04n_02e_25dcbb1
ow1043,idwr_other-04n_02e_27ddaa1
ow1044,idwr_other-crane_creek_golf_course_well_1
ow1045,idwr_other-neace
ow1046,idwr_other-04n_02e_28bcb1
ow1047,idwr_other-terteling_company_well
ow1048,idwr_other-04n_02e_30acdb1
ow1049,idwr_other-04n_02e_30bda1
ow1050,idwr_other-04n_02e_31acab1
ow1051,idwr_other-04n_02e_31acba1
ow1052,idwr_other-04n_02e_31acba2
ow1053,idwr_other-04n_02e_31badd1
ow1054,idwr_other-04n_02e_31bbbd1
ow1055,idwr_other-04n_02e_31bbda1
ow1056,idwr_other-04n_02e_31bbdb1
ow1057,idwr_other-04n_02e_31bcaa1
ow1058,idwr_other-04n_02e_31bcaa2
ow1059,idwr_other-04n_02e_31bcab1
ow1060,idwr_other-04n_02e_31bcad1
ow1061,idwr_other-04n_02e_31bdad1
ow1062,idwr_other-04n_02e_31bdba1
ow1063,idwr_other-04n_02e_31bdbb1
ow1064,idwr_other-04n_02e_31bdbc3
ow1065,idwr_other-04n_02e_31bdbc4
ow1066,idwr_other-04n_02e_31bdbc5
ow1067,idwr_other-04n_02e_31bdbc6
ow1068,idwr_other-04n_02e_31bdbc7
ow1069,idwr_other-04n_02e_31bdbd1
ow1070,suez-mw-swift_2
ow1071,idwr_other-04n_02e_31accc3
ow1072,idwr_other-04n_02e_31bdab1
ow1073,idwr_other-04n_02e_31cbd2
ow1074,idwr_other-04n_02e_31dbc1
ow1075,idwr_other-04n_02e_35bdd1
ow1076,idwr_other-united_water_hulls_gulch_gamble_well
ow1077,idwr_other-04n_02w_01aada1
ow1078,idwr_other-04n_02w_01adaa3
ow1079,idwr_other-04n_02w_01dcdd1
ow1080,idwr_other-04n_02w_02ddd1
ow1081,idwr_other-04n_02w_03aaaa1
ow1082,idwr_other-04n_02w_05abb1
ow1083,idwr_other-04n_02w_05bad1
ow1084,idwr_other-05n_02w_32cbd1
ow1085,idwr_other-04n_02w_06bbc1
ow1086,idwr_other-04n_02w_06cdd1
ow1087,idwr_other-04n_02w_07aac1
ow1088,idwr_other-04n_02w_07abc1
ow1089,idwr_other-04n_02w_10bbcb1
ow1090,idwr_other-04n_02w_12cbc1
ow1091,idwr_other-04n_02w_21cbb1-destroyed
ow1092,idwr_other-04n_02w_21cbb2
ow1093,idwr_other-04n_02w_22dcd1
ow1094,idwr_other-04n_02w_27aab1
ow1095,idwr_other-04n_02w_24ccc1
ow1096,idwr_other-04n_02w_26cad1
ow1097,idwr_other-04n_02w_28cdd1
ow1098,idwr_other-04n_02w_33abc1
ow1099,idwr_other-04n_02w_29ccb1
ow1100,idwr_other-04n_02w_31aaa1
ow1101,idwr_other-04n_02w_30ada1
ow1102,idwr_other-04n_02w_35ccd1
ow1103,idwr_other-04n_02w_36ccc1
ow1104,idwr_other-04n_03w_01cbba1
ow1105,idwr_other-04n_03w_02addd1
ow1106,idwr_other-04n_03w_02abbb1
ow1107,idwr_other-04n_03w_06aaa1
ow1108,idwr_other-04n_03w_06baba1
ow1109,idwr_other-04n_03w_12acdd1
ow1110,idwr_other-04n_03w_13baa1
ow1111,idwr_other-04n_03w_16cbc1
ow1112,idwr_other-04n_03w_16dddc1
ow1113,idwr_other-04n_03w_21bdda1
ow1114,idwr_other-04n_03w_21bdda2
ow1115,idwr_other-04n_03w_21bdda3
ow1116,idwr_other-04n_03w_21bdda4
ow1117,idwr_other-04n_03w_22bdac1
ow1118,idwr_other-04n_03w_22bdac2
ow1119,idwr_other-04n_03w_22bdac3
ow1120,idwr_other-04n_03w_22bdac4
ow1121,idwr_other-04n_03w_22bdac5
ow1122,idwr_other-04n_03w_22bdac6
ow1123,idwr_other-04n_03w_22bdac7
ow1124,idwr_other-04n_03w_22bdbd1
ow1125,idwr_other-04n_03w_22bdbd2
ow1126,idwr_other-04n_03w_22bdbd3
ow1127,idwr_other-04n_03w_22ccba1
ow1128,idwr_other-04n_03w_22ccba2
ow1129,idwr_other-04n_03w_22ccba3
ow1130,idwr_other-04n_03w_22ccba4
ow1131,idwr_other-04n_03w_22ccba5
ow1132,idwr_other-04n_03w_22ccba6
ow1133,idwr_other-04n_03w_22ccba7
ow1134,idwr_other-04n_03w_22ccbd1
ow1135,idwr_other-04n_03w_22ccbd2
ow1136,idwr_other-04n_03w_22ccbd3
ow1137,idwr_other-04n_03w_22ccbd4
ow1138,idwr_other-04n_03w_22ccbd5
ow1139,idwr_other-04n_03w_22ccbd6
ow1140,idwr_other-04n_03w_22ccbd7
ow1141,idwr_other-04n_03w_22ccbd8
ow1142,idwr_other-04n_03w_22ccbd9
ow1143,idwr_other-04n_03w_22ccda1-destroyed
ow1144,idwr_other-04n_03w_22ccda2-destroyed
ow1145,idwr_other-04n_03w_22ccdd1
ow1146,idwr_other-04n_03w_22ccdd2
ow1147,idwr_other-04n_03w_22ccdd3
ow1148,idwr_other-04n_03w_22ccdd4
ow1149,idwr_other-04n_03w_22ccdd5
ow1150,idwr_other-04n_03w_22cdcb1
ow1151,idwr_other-04n_03w_22cdcb2-destroyed
ow1152,idwr_other-04n_03w_22cdcb3
ow1153,idwr_other-04n_03w_22cdcb4
ow1154,idwr_other-04n_03w_22cdcc1
ow1155,idwr_other-04n_03w_22cdcc2
ow1156,idwr_other-04n_03w_22cdcc3
ow1157,idwr_other-04n_03w_22cdcc4
ow1158,idwr_other-04n_03w_22dbbc1
ow1159,idwr_other-04n_03w_22dbcb1
ow1160,idwr_other-04n_03w_22dbcb2
ow1161,idwr_other-04n_03w_22dbcb3
ow1162,idwr_other-04n_03w_22dbcb4
ow1163,idwr_other-04n_03w_22dbcc1
ow1164,idwr_other-04n_03w_22dbcc2
ow1165,idwr_other-04n_03w_22dbcd1
ow1166,idwr_other-04n_03w_27aacd1
ow1167,idwr_other-04n_03w_27babb1
ow1168,idwr_other-04n_03w_27babb2
ow1169,idwr_other-04n_03w_27babb3
ow1170,idwr_other-04n_03w_27babb4
ow1171,idwr_other-04n_03w_22cdcb5
ow1172,idwr_other-04n_03w_24acb1
ow1173,idwr_other-04n_03w_25daa3
ow1174,idwr_other-04n_03w_26abcc1
ow1175,idwr_other-04n_03w_26ccdd1
ow1176,idwr_other-04n_03w_26ccdd2
ow1177,idwr_other-04n_03w_35bbaa1
ow1178,idwr_other-04n_03w_35bbaa2
ow1179,idwr_other-04n_03w_35bbaa3
ow1180,idwr_other-04n_03w_35bbaa4
ow1181,idwr_other-04n_03w_35bbaa5
ow1182,idwr_other-04n_03w_30ada1
ow1183,idwr_other-04n_03w_31cba2
ow1184,idwr_other-04n_04w_08cdcc1
ow1185,idwr_other-04n_04w_10cdab1
ow1186,idwr_other-04n_04w_15accb2
ow1187,idwr_other-04n_04w_15accb3
ow1188,idwr_other-04n_04w_21caa1
ow1189,idwr_other-04n_04w_21caa2
ow1190,idwr_other-04n_04w_21dcd1
ow1191,idwr_other-04n_04w_22ddd1
ow1192,idwr_other-04n_04w_25bdd3
ow1193,idwr_other-04n_04w_25daa1
ow1194,idwr_other-04n_04w_28acb1
ow1195,idwr_other-04n_04w_30bbb1
ow1196,idwr_other-04n_04w_30bbb2
ow1197,idwr_other-04n_04w_33cdc3
ow1198,idwr_other-04n_05w_02cbb1
ow1199,idwr_other-04n_05w_10cdd1
ow1200,idwr_other-04n_05w_14ccc2
ow1201,idwr_other-04n_05w_21aab2
ow1202,idwr_other-04n_05w_23cbb1
ow1203,idwr_other-04n_06w_02dda1
ow1204,idwr_other-04n_06w_11dca1
ow1205,idwr_other-04n_06w_12cac1
ow1206,idwr_other-05n_01e_10dbc1
ow1207,idwr_other-05n_01e_26cddc1
ow1208,idwr_other-brian_baker_well_1
ow1209,idwr_other-julius_jeker_hot_well
ow1210,idwr_other-julius_jeker_stock_well
ow1211,idwr_other-05n_01e_29dca1
ow1212,idwr_other-barats
ow1213,idwr_other-geary
ow1214,idwr_other-heikes
ow1215,idwr_other-mcmurray
ow1216,idwr_other-metzer
ow1217,idwr_other-peterson
ow1218,idwr_other-stillwell_monitorng_well
ow1219,idwr_other-thompson
ow1220,idwr_other-thornton
ow1221,idwr_other-west
ow1222,idwr_other-wolin
ow1223,idwr_other-05n_01e_30cac1
ow1224,idwr_other-05n_01e_31aba1
ow1225,idwr_other-clark
ow1226,idwr_other-iazzetta
ow1227,idwr_other-jekel
ow1228,idwr_other-michaud
ow1229,idwr_other-mitchell
ow1230,idwr_other-roberts_new
ow1231,idwr_other-05n_01e_32bdd1
ow1232,idwr_other-05n_01e_32dbd1
ow1233,idwr_other-edwards
ow1234,idwr_other-mccarthy
ow1235,idwr_other-ritter
ow1236,idwr_other-05n_01e_33cccd1
ow1237,idwr_other-banducci_new
ow1238,idwr_other-randall
ow1239,idwr_other-05n_01e_34adcd1
ow1240,idwr_other-05n_01e_34dcd2
ow1241,idwr_other-brookside
ow1242,idwr_other-burke
ow1243,idwr_other-franden
ow1244,idwr_other-goodwin
ow1245,idwr_other-jackson
ow1246,idwr_other-niccolls
ow1247,idwr_other-odonell
ow1248,idwr_other-pennisi
ow1249,idwr_other-purvis_domestic
ow1250,idwr_other-renner
ow1251,idwr_other-sorge
ow1252,idwr_other-05n_01w_16dbc1
ow1253,idwr_other-05n_01w_21bac1
ow1254,idwr_other-darrell_v_fisher_well
ow1255,idwr_other-little_race_building_well
ow1256,idwr_other-swafford
ow1257,idwr_other-05n_01w_17bca1
ow1258,idwr_other-05n_01w_19cbd3
ow1259,idwr_other-05n_02w_24dab1
ow1260,idwr_other-05n_02w_24dab2
ow1261,idwr_other-little_domestic_1
ow1262,idwr_other-little_domestic_2
ow1263,idwr_other-little_irrigation_1
ow1264,idwr_other-05n_01w_28dca2
ow1265,idwr_other-05n_01w_28dcd1
ow1266,idwr_other-05n_01w_33aba1
ow1267,idwr_other-05n_01w_33bad1
ow1268,idwr_other-fiorino_house
ow1269,idwr_other-kling_domestic
ow1270,idwr_other-m3_tw1-1
ow1271,idwr_other-m3_tw1-2
ow1272,idwr_other-m3_tw1-3
ow1273,idwr_other-m3_tw1-4
ow1274,idwr_other-m3_tw1-5
ow1275,idwr_other-stillwell
ow1276,idwr_other-05n_01w_29cba1
ow1277,idwr_other-05n_01w_32acc1
ow1278,star-test_well_6_zone_1
ow1279,star-test_well_6_zone_2
ow1280,star-test_well_6_zone_3
ow1281,star-test_well_6_zone_4
ow1282,star-test_well_6_zone_5
ow1283,star-test_well_6_zone_6
ow1284,idwr_other-05n_01w_33acd1
ow1285,idwr_other-05n_01w_33cbda1
ow1286,idwr_other-05n_01w_34aac1
ow1287,idwr_other-05n_01w_34aba1
ow1288,idwr_other-kling_irr
ow1289,idwr_other-schrimer
ow1290,idwr_other-woodard
ow1291,idwr_other-05n_01w_34acac1
ow1292,idwr_other-05n_01w_34dac1
ow1293,idwr_other-05n_01w_34dbad1
ow1294,idwr_other-05n_01w_34dbd1
ow1295,idwr_other-taylor_mary
ow1296,idwr_other-05n_02e_29bcc1-destroyed
ow1297,idwr_other-05n_02e_30dad1
ow1298,idwr_other-05n_02e_31addd1
ow1299,idwr_other-gillis
ow1300,idwr_other-05n_02e_31bcc1
ow1301,idwr_other-beliveau
ow1302,idwr_other-dater
ow1303,idwr_other-dater_new
ow1304,idwr_other-shaw_domestic
ow1305,idwr_other-shaw_irrigation
ow1306,idwr_other-watkins_house
ow1307,idwr_other-watkins_shallow
ow1308,idwr_other-05n_02e_31cab1
ow1309,idwr_other-05n_02e_31cab2
ow1310,idwr_other-meuleman
ow1311,idwr_other-thompson_dcmw
ow1312,idwr_other-05n_02w_15dcc2
ow1313,idwr_other-05n_02w_19cba1
ow1314,idwr_other-05n_02w_19cba2
ow1315,idwr_other-05n_02w_20bba1
ow1316,idwr_other-05n_02w_25bcd1
ow1317,idwr_other-05n_02w_27dcc1
ow1318,idwr_other-05n_02w_31bbc1
ow1319,idwr_other-05n_03w_04bcb1
ow1320,idwr_other-05n_03w_08ddc1
ow1321,idwr_other-05n_03w_21cad1
ow1322,idwr_other-05n_03w_27caa1
ow1323,idwr_other-05n_04w_01bab1
ow1324,idwr_other-06n_04w_35adc1
ow1325,idwr_other-05n_04w_09dca1
ow1326,idwr_other-05n_04w_16aba1
ow1327,idwr_other-05n_04w_13bcb1
ow1328,idwr_other-05n_04w_24aba1
ow1329,idwr_other-05n_04w_20dadd1
ow1330,idwr_other-05n_04w_21cabb2
ow1331,idwr_other-05n_04w_21dcbb1
ow1332,idwr_other-05n_04w_34bcb1
ow1333,idwr_other-boise_river_piezo_near_piezo_8-rb
ow1334,idwr_other-05n_04w_36bcc1
ow1335,idwr_other-05n_05w_03bcbc1
ow1336,idwr_other-05n_05w_10bbcb1
ow1337,idwr_other-05n_05w_15dbb1
ow1338,idwr_other-05n_05w_27ddbc1
ow1339,idwr_other-05n_05w_29cdda1
ow1340,idwr_other-05n_05w_32aaaa1
ow1341,idwr_other-05n_05w_32cdc1
ow1342,idwr_other-05n_05w_33accc1
ow1343,idwr_other-05n_05w_34bcc1
ow1344,idwr_other-05n_06w_01cdd1
ow1345,idwr_other-05n_06w_11aad1
ow1346,idwr_other-05n_06w_25cdd1
ow1347,idwr_other-05n_06w_26caa1
ow1348,idwr_other-05n_06w_35cac1
ow1349,idwr_other-06n_01w_03cbb2
ow1350,idwr_other-06n_01w_09aa1
ow1351,idwr_other-j_weiss
ow1352,idwr_other-06n_01w_04aa1
ow1353,idwr_other-hawthorne
ow1354,idwr_other-06n_01w_04dd1
ow1355,idwr_other-06n_01w_05cdd1
ow1356,idwr_other-06n_01w_08ac1
ow1357,idwr_other-06n_01w_09bc1
ow1358,idwr_other-06n_01w_18ba1
ow1359,idwr_other-06n_01w_18ba2
ow1360,idwr_other-06n_01w_18ba3
ow1361,idwr_other-06n_01w_18cc1
ow1362,idwr_other-06n_01w_19cb1
ow1363,idwr_other-06n_02w_01bdd1
ow1364,idwr_other-worthing
ow1365,idwr_other-06n_02w_07cd1
ow1366,idwr_other-06n_02w_09cb1
ow1367,idwr_other-06n_02w_12da1
ow1368,idwr_other-06n_02w_13cab1
ow1369,idwr_other-hyde
ow1370,idwr_other-06n_02w_14bca1
ow1371,idwr_other-06n_02w_14bca2
ow1372,idwr_other-gaul
ow1373,idwr_other-06n_03w_01bcc1
ow1374,idwr_other-06n_03w_10baa1
ow1375,idwr_other-doug_and_clyde_poole_well
ow1376,idwr_other-06n_03w_30dcc1
ow1377,idwr_other-06n_03w_32cdd1
ow1378,idwr_other-06n_03w_33cba1
ow1379,idwr_other-06n_04w_24abb1
ow1380,idwr_other-06n_05w_07abc1
ow1381,idwr_other-06n_05w_09dca1
ow1382,idwr_other-06n_05w_17cdd1
ow1383,idwr_other-06n_05w_26dcd1
ow1384,idwr_other-06n_05w_35bac1
ow1385,idwr_other-06n_05w_29dad1
ow1386,idwr_other-06n_05w_30bab1
ow1387,idwr_other-06n_05w_30cdc1
ow1388,idwr_other-06n_06w_24dad1
ow1389,idwr_other-07n_01w_31cab1
ow1390,idwr_other-jacobs
ow1391,idwr_other-07n_02w_30bcc1
ow1392,idwr_other-07n_02w_30ccc1
ow1393,idwr_other-07n_02w_34acc1
ow1394,idwr_other-brughelli
ow1395,idwr_other-07n_03w_24cbc1
ow1396,idwr_other-07n_03w_28cdd1
ow1397,idwr_other-07n_04w_03cbb1
ow1398,idwr_other-07n_04w_13cbb1
ow1399,idwr_other-07n_04w_25cbc1
ow1400,idwr_other-07n_04w_25cbc2
ow1401,idwr_other-07n_05w_15cdc1
ow1402,idwr_other-08n_04w_28bcd1
ow1403,idwr_other-08n_04w_30dca1
ow1404,idwr_other-08n_05w_09dad1
ow1405,idwr_other-08n_05w_12cab1
ow1406,idwr_other-08n_05w_26abb1
ow1407,idwr_other-9
ow1408,idwr_other-bell
ow1409,idwr_other-julius_jeker_big_pump
ow1410,idwr_other-julius_jeker_pasture_well
ow1411,idwr_other-julius_jeker_payne_well
ow1412,idwr_other-kouba
ow1413,idwr_other-mallaburn
ow1414,idwr_other-muthart
ow1415,idwr_other-pence
ow1416,idwr_other-podolan
ow1417,idwr_other-a_l_farms
ow1418,idwr_other-acree
ow1419,idwr_other-kragziel
ow1420,idwr_other-ad_watkings
ow1421,idwr_other-allen
ow1422,idwr_other-chance
ow1423,idwr_other-archer
ow1424,idwr_other-baro_troll_for_eac
ow1425,idwr_other-underwood
ow1426,idwr_other-baro_troll_for_nac
ow1427,idwr_other-buchanan_1
ow1428,idwr_other-buchanan_2
ow1429,idwr_other-ben_and_kathy_fisher_well
ow1430,idwr_other-betty_deshazo_well
ow1431,idwr_other-bill_leach_well
ow1432,idwr_other-chapparal_irrigation
ow1433,idwr_other-steele
ow1434,idwr_other-blew
ow1435,idwr_other-blue
ow1436,idwr_other-brecht
ow1437,idwr_other-brown
ow1438,idwr_other-frederick
ow1439,idwr_other-bryon_pitman_well
ow1440,idwr_other-chapin
ow1441,idwr_other-johnston
ow1442,idwr_other-rishel
ow1443,idwr_other-charles_eshleman_or_shane_bues_well
ow1444,idwr_other-city_of_parma_well_5
ow1445,idwr_other-columbia_village_les_bois_soccer_well
ow1446,idwr_other-seb_simplot
ow1447,idwr_other-united_water_columbia_well
ow1448,idwr_other-cruikshank
ow1449,idwr_other-cummins
ow1450,idwr_other-diligio_house
ow1451,idwr_other-golis
ow1452,idwr_other-jordan
ow1453,idwr_other-delmar_last_well
ow1454,idwr_other-duane_yamamoto_well
ow1455,idwr_other-dale_jones
ow1456,idwr_other-ladd
ow1457,idwr_other-dale_kurpjuweit_well
ow1458,idwr_other-danskin
ow1459,idwr_other-darling_international_cui_well
ow1460,idwr_other-darlington_international_well
ow1461,idwr_other-kirkwood_bank_monitoring_well_63-32680
ow1462,idwr_other-tv_tyson_west_well
ow1463,idwr_other-dennis_&_loraine_gurney_well
ow1464,idwr_other-departee
ow1465,idwr_other-dubois
ow1466,idwr_other-ed_johnson_well
ow1467,idwr_other-edwin_tiegs_well_2
ow1468,idwr_other-frank_senn_well_1
ow1469,idwr_other-goers
ow1470,idwr_other-graves
ow1471,idwr_other-hull
ow1472,idwr_other-radocha
ow1473,idwr_other-radwin
ow1474,idwr_other-stadler
ow1475,idwr_other-stadler_ryan
ow1476,idwr_other-hackett
ow1477,idwr_other-nac_monitoring_well_4
ow1478,idwr_other-hall
ow1479,idwr_other-harris-west
ow1480,idwr_other-harris_east
ow1481,idwr_other-harry_charters_well
ow1482,idwr_other-heller
ow1483,idwr_other-hill
ow1484,idwr_other-hovda
ow1485,idwr_other-james
ow1486,idwr_other-rogers
ow1487,idwr_other-hwy_16_shallow
ow1488,idwr_other-nac_monitoring_well_3
ow1489,idwr_other-idaho_army_national_guard_well_2
ow1490,idwr_other-indian_creek_deep
ow1491,idwr_other-indian_creek_shallow
ow1492,idwr_other-spf-deep_irr
ow1493,idwr_other-initial_butte_farm_well
ow1494,idwr_other-joe_barnes_well_2
ow1495,idwr_other-jerry_tlucek_well_4
ow1496,idwr_other-kent_bunn_well
ow1497,idwr_other-jim_&_stasia_buffenbarger_well
ow1498,idwr_other-john_neviaser_well
ow1499,idwr_other-kinney
ow1500,idwr_other-kirkwood_bank_drill_supply_well_63-32680
ow1501,idwr_other-kirkwood_bank_irrigation_well_1_63-32680
ow1502,idwr_other-kirkwood_bank_irrigation_well_2_63-32680
ow1503,idwr_other-knaggs
ow1504,idwr_other-labonte
ow1505,idwr_other-lancaster
ow1506,idwr_other-leonard_tiegs_well
ow1507,idwr_other-lillie_collias_well
ow1508,idwr_other-little_irrigation_well_west_d0063710
ow1509,idwr_other-little_land_irrigation_well_east_d0067292
ow1510,idwr_other-little_pit_well
ow1511,idwr_other-little_race_track_well
ow1512,idwr_other-little_tower_well
ow1513,idwr_other-lord_4-house
ow1514,idwr_other-lynn
ow1515,idwr_other-m3_tw2-1
ow1516,idwr_other-m3_tw2-2
ow1517,idwr_other-m3_tw3-1
ow1518,idwr_other-m3_tw3-2
ow1519,idwr_other-m3_tw3-3
ow1520,idwr_other-m3_tw3-4
ow1521,idwr_other-m3_tw4-1
ow1522,idwr_other-m3_tw4-2
ow1523,idwr_other-m3_tw4-3
ow1524,idwr_other-m_weiss
ow1525,idwr_other-micron_technology_well_2
ow1526,idwr_other-vern_guyer_well
ow1527,idwr_other-nicholson_well__2
ow1528,idwr_other-niles_clark_well_1
ow1529,idwr_other-nona
ow1530,idwr_other-olson
ow1531,idwr_other-park_lane
ow1532,idwr_other-ruppel
ow1533,idwr_other-price
ow1534,idwr_other-regina
ow1535,idwr_other-robert_nancolas_well
ow1536,idwr_other-robert_noblock_well
ow1537,idwr_other-roorda_dairy_well
ow1538,idwr_other-seb_agenbroad
ow1539,idwr_other-seb_blacks_creek_well
ow1540,idwr_other-seb_prigge_well
ow1541,idwr_other-seb_united_water_pioneer_well
ow1542,idwr_other-spf-bridge
ow1543,idwr_other-state_of_idaho_siciag_products_well
ow1544,idwr_other-staten
ow1545,idwr_other-sulgrove
ow1546,idwr_other-svr_6
ow1547,idwr_other-svr_7
ow1548,idwr_other-svr_9
ow1549,idwr_other-sygurd_bevry_dee_well
ow1550,idwr_other-terteling_company_well_1
ow1551,idwr_other-tom_and_diane_nicholson_well
ow1552,suez-mw-pleasant_valley
ow1553,idwr_other-tom_bevans_well
ow1554,idwr_other-tv_george_wright_well
ow1555,idwr_other-tv_hatch_well_destroyed
ow1556,idwr_other-tv_moon_well
ow1557,idwr_other-tv_oasis_rd_well
ow1558,idwr_other-tv_travis_rd_well
ow1559,idwr_other-tv_tyson_irrigation_well
ow1560,idwr_other-usgs-1
ow1561,idwr_other-usgs-2
ow1562,idwr_other-voss
ow1563,idwr_other-walker
ow1564,idwr_other-waters
ow1565,idwr_other-wc_dill_well
ow1566,idwr_other-wc_usgs_letha_1_well
ow1567,idwr_other-wc_usgs_letha_2_well
ow1568,idwr_other-wc_usgs_letha_3_well
ow1569,idwr_other-wc_usgs_shigeta_well
ow1570,idwr_other-wc_usgs_thayn_well
ow1571,idwr_other-wk_nichols_or_herb_montierth_well
ow1572,idwr_other-wurtenberger
ow1573,meridian-mw-20-z1
ow1574,meridian-mw-20-z2
ow1575,meridian-mw-20-z3
ow1576,meridian-mw-20-z4
ow1577,meridian-mw-24-z1
ow1578,meridian-mw-24-z2
ow1579,meridian-mw-24-z3
ow1580,meridian-mw-24-z4
ow1581,suez-mw-raptor
ow1582,suez-mw-mcmillan
ow1583,suez-mw-island_woods_1
ow1584,meridian-mw-17-z1
ow1585,meridian-mw-17-z2
ow1586,meridian-mw-25-z1
ow1587,meridian-mw-25-z2
ow1588,meridian-mw-25-z3
ow1589,meridian-mw-25-z4
ow1590,meridian-mw-10/10b-z1
ow1591,meridian-mw-10/10b-z2
ow1592,meridian-mw-10/10b-z3
ow1593,meridian-mw-10/10b-z4
ow1594,meridian-mw-10/10b-z5
ow1595,meridian-mw-10/10b-z6
ow1596,suez-mw-redwood_creek_1
ow1597,suez-mw-hidden_valley_2
ow1598,meridian-mw-28-z1
ow1599,meridian-mw-28-z2
ow1600,meridian-mw-28-z3
ow1601,meridian-mw-28-z4
ow1602,meridian-mw-28-z5
ow1603,meridian-mw-28-z6
